Company Name,City,State,Estimated Agent Count,Broker Owner/Managing Broker,Email,Website URL,Approx Monthly Listing Volume,Digital Maturity Score (1-5),Visible Inefficiencies
Monument Realty,Dallas,TX,25,"Tiffany & Eddie Burns",info@monumentrealtytx.com,https://monumentrealtytx.com,30-40,3,"Basic website; no live chat; limited social media presence"
OnDemand Realty,Dallas,TX,15,Unknown,info@ondemanddfw.com,https://www.ondemanddfw.com,15-25,2,"Outdated website design; no chat widget; no CRM integration visible"
Reside Real Estate,Fort Worth,TX,12,Unknown,info@residedfw.com,https://www.residedfw.com,10-20,3,"No live chat; limited online reviews; basic IDX integration"
REX Real Estate,Frisco,TX,20,Unknown,info@rexrealestate.com,https://rexrealestate.com,20-30,3,"No chat; basic website template; missing CRM integration"
Ace Realty Partners,Fort Worth,TX,10,Unknown,info@acerealtypartners.com,https://www.acerealtypartners.com,10-15,2,"Very basic website; no chat; few online reviews; limited social presence"
TX Roots Global Real Estate,Dallas,TX,8,Unknown,info@txrootsglobalre.com,https://txrootsglobalre.com,8-12,2,"Template website; no live chat; minimal online presence"
Davidson Bogel Real Estate,Dallas,TX,15,"David Davidson Jr. & Edward Bogel",info@db2re.com,https://db2re.com,10-15,3,"Land-focused; no chat widget; basic contact forms only"
Corcoran Prestige Realty,Houston,TX,20,Unknown,info@corcoranprestige.com,https://corcoranprestige.com,15-25,3,"Franchise affiliate but boutique operation; no live chat"
Living Houston,Houston,TX,15,Unknown,info@livinghouston.com,https://livinghouston.com,10-20,3,"Modern aesthetic but no chat; limited lead capture tools"
Brooks & Davis Real Estate Firm,Houston,TX,20,Unknown,info@brooksanddavisrealestatefirm.com,https://brooksanddavisrealestatefirm.com,15-25,2,"Basic website; no chat; limited CRM integration; few Google reviews"
Apex Realtors,Houston,TX,12,Unknown,info@apexrealtors.com,https://apexrealtors.com,10-15,2,"Outdated design; no live chat; slow page load; minimal social"
Core Properties TX,Houston,TX,10,Unknown,info@corepropertiestx.com,https://www.corepropertiestx.com,8-15,3,"Blog-driven site; no chat widget; basic lead forms"
Abundant Living Real Estate,Houston,TX,8,Unknown,info@abundantlivingrealestate.com,https://abundantlivingrealestate.com,8-12,2,"Minimal web presence; no chat; few reviews"
Compean Group,Houston,TX,10,Unknown,info@compeangroup.com,https://compeangroup.com,10-15,2,"Basic website; no chat; limited digital footprint"
Teifke Real Estate,Austin,TX,30,"Chris Teifke",info@teifkerealestate.com,https://www.teifkerealestate.com,30-50,4,"Good website but no live chat; could benefit from AI lead qualification"
Spyglass Realty,Austin,TX,15,"Ryan Rodenbeck",info@spyglassrealty.com,https://www.spyglassrealty.com,15-25,4,"Modern site; strong reviews; no live chat; good social but manual follow-up"
Devora Realty,Austin,TX,10,Unknown,info@devorarealty.com,https://devorarealty.com,8-15,3,"Clean design; no chat; limited lead capture; multi-service focus"
The Boutique Real Estate,Austin,TX,8,Unknown,info@theboutiquerealestate.com,https://www.theboutiquerealestate.com,8-12,2,"Dated website; no chat; minimal social media; basic contact form only"
Roots Residential Group,Austin,TX,10,Unknown,info@rootsre.com,https://rootsre.com,8-15,3,"Clean but basic; no live chat; limited reviews"
Give Realty,Austin,TX,12,Unknown,info@giverealty.com,https://giverealty.com,10-20,3,"Decent site; no chat widget; basic lead capture"
Eric Moreland Group,Austin,TX,8,"Eric Moreland",info@ericmorelandgroup.com,https://ericmorelandgroup.com,8-15,3,"Luxury-focused; no chat; limited scalability tools visible"
Pinnacle Realty Advisors,Austin,TX,8,Unknown,info@pinnaclerealtyadvisors.com,https://pinnaclerealtyadvisors.com,5-10,2,"Basic website; no chat; few reviews; small independent firm"
Phyllis Browning Company,San Antonio,TX,50,Unknown,info@phyllisbrowning.com,https://www.phyllisbrowning.com,40-60,4,"Strong brand; modern site; limited chat; could automate lead routing"
Becker Properties,San Antonio,TX,15,Unknown,info@becker-realtors.com,https://becker-realtors.com,10-20,3,"Clean site; no live chat; basic IDX; limited automation"
Patriot Real Estate Services,San Antonio,TX,10,Unknown,info@patriotrealestatesvc.com,https://patriotrealestatesvc.com,8-15,2,"Basic website; no chat; limited reviews; no visible CRM"
Alamo Real Estate Brokers,San Antonio,TX,8,Unknown,info@alamorealestatebrokers.com,http://www.alamorealestatebrokers.com,5-10,1,"Very outdated website (HTTP only); no chat; no social links; poor mobile"
JBGoodwin REALTORS,San Antonio,TX,50,Unknown,info@jbgoodwin.com,https://www.jbgoodwin.com,40-60,4,"Established firm; good website; no AI chat; could benefit from automation"
Keller Henderson Real Estate,Dallas,TX,12,Unknown,info@kellerhenderson.com,https://kellerhenderson.com,10-15,2,"Basic site; no chat; limited digital presence"
Ebby Halliday - Independent Office,Plano,TX,30,Unknown,info@ebby.com,https://www.ebby.com,25-40,3,"Legacy brand; decent site but dated UX; no live chat on subpages"
Modtown Realty,Dallas,TX,10,Unknown,info@modtownrealty.com,https://modtownrealty.com,8-15,3,"Modern aesthetic; no chat; basic lead capture"
Grapevine Realty,Grapevine,TX,8,Unknown,info@grapevinerealty.com,https://grapevinerealty.com,5-10,2,"Small town feel; no chat; minimal online reviews"
Lonestar Real Estate Group,Dallas,TX,15,Unknown,info@lonestarregroup.com,https://lonestarregroup.com,12-20,2,"Basic template site; no chat; limited social media"
HomeSmart Stars Realty,Houston,TX,20,Unknown,info@homesmarthoustontx.com,https://homesmarthoustontx.com,15-25,3,"Clean but generic; no live chat; franchise template"
Paige Martin Group - Houston Properties,Houston,TX,12,"Paige Martin",info@houstonproperties.com,https://houstonproperties.com,15-25,4,"Strong content/SEO; no AI chat; manual follow-up processes"
TowerPoint Realty,Houston,TX,8,Unknown,info@towerpointrealty.com,https://towerpointrealty.com,5-10,2,"Basic website; no chat; few reviews; limited social"
New Leaf Real Estate,Houston,TX,10,"David Houston",info@newleafre.com,https://newleafre.com,8-15,3,"Clean design; no live chat; basic contact forms"
Legacy Mutual Realty,Dallas,TX,15,Unknown,info@legacymutual.com,https://legacymutual.com,12-20,2,"Basic website; no chat; minimal online marketing"
Uptown Realty Group,Dallas,TX,10,Unknown,info@uptownrealtygroup.com,https://uptownrealtygroup.com,8-15,2,"Template site; no chat; limited reviews"
Presidio Group Real Estate,Austin,TX,8,Unknown,info@presidiogroup.com,https://presidiogroup.com,5-10,3,"Clean design; no chat; small team focus"
Haven Realty Group,San Antonio,TX,12,Unknown,info@havenrealtysa.com,https://havenrealtysa.com,8-15,2,"Basic site; no chat; few online reviews"
Niche Realty,Austin,TX,6,Unknown,info@nicherealty.com,https://nicherealty.com,5-8,2,"Minimal web presence; no chat; basic listing pages"
Metro Realty Group,San Antonio,TX,10,Unknown,info@metrorealtysa.com,https://metrorealtysa.com,8-12,2,"Basic template; no chat; limited digital marketing"
Lonestar Luxury Realty,Austin,TX,8,Unknown,info@lonestarluxuryrealty.com,https://lonestarluxuryrealty.com,5-10,3,"Attractive design; no chat; limited lead automation"
Park Place Realty,Dallas,TX,15,Unknown,info@parkplacerealtydfw.com,https://parkplacerealtydfw.com,10-20,2,"Generic template; no chat; basic IDX; few reviews"
Helm Realty Group,Houston,TX,10,Unknown,info@helmrealtygroup.com,https://helmrealtygroup.com,8-15,2,"Basic site; no chat; limited social presence"
Sage Real Estate,Fort Worth,TX,8,Unknown,info@sagerealestatefw.com,https://sagerealestatefw.com,5-10,2,"Simple website; no chat; few online reviews"
Texas Urban Realty,Houston,TX,12,Unknown,info@texasurbanrealty.com,https://texasurbanrealty.com,10-15,3,"Modern but no chat; limited automation"
Southwest Realty Partners,San Antonio,TX,10,Unknown,info@swrealtypartners.com,https://swrealtypartners.com,8-12,2,"Basic design; no chat; minimal digital footprint"
Magnolia Realty Group,Dallas,TX,15,Unknown,info@magnoliarealtygroup.com,https://magnoliarealtygroup.com,12-20,3,"Clean site; no chat; basic lead forms"
Lone Oak Realty,Austin,TX,8,Unknown,info@loneoakrealty.com,https://loneoakrealty.com,5-10,2,"Basic website; no chat; limited presence"
Miami Brokers Group,Miami,FL,15,Unknown,info@miamibrokersgroup.com,https://miamibrokersgroup.com,15-25,3,"Decent site; no live chat; basic lead capture; good listings"
Best of Luxury Realty,Miami,FL,10,Unknown,info@bestofluxuryrealty.com,https://www.bestofluxuryrealty.com,8-15,3,"Clean design; no chat; small team; limited automation"
INMO Brokers Group,Miami,FL,8,"Alejandro I. Vélez Esq.",info@inmogrp.com,https://inmogrp.com,5-10,3,"Modern site; no chat; attorney-owned; niche market"
Blackbook Properties,Miami,FL,20,Unknown,info@blackbookproperties.com,https://blackbookproperties.com,20-35,4,"Strong web presence (condoblackbook.com); no AI chat; good content"
Sky Five Properties,Miami,FL,12,Unknown,info@skyfiveproperties.com,https://www.skyfiveproperties.com,10-20,3,"Good condo focus; no live chat; basic contact forms"
Mia Realty Corp,Miami,FL,8,"Jorge De Piña Jr.",info@miarealtycorp.com,http://www.miarealtycorp.com,5-10,1,"Very outdated website (HTTP); no chat; poor mobile; no social links"
Icon Realty Management & Brokerage,Miami,FL,15,Unknown,info@iconrealtymgmt.com,https://iconrealtymgmt.com,10-20,3,"Property management focus; no chat; basic website"
Batra Group Real Estate,Miami,FL,10,Unknown,info@batragroup.com,https://batragroup.com,8-15,2,"Basic site; no chat; limited reviews; dual property management"
Miami Realty Solution Group,Miami,FL,8,Unknown,info@miamirealtysolution.com,https://miamirealtysolution.com,8-12,2,"Simple site; no chat; few reviews; basic contact forms"
Habitat International Group,Miami,FL,10,Unknown,info@habitatintlgroup.com,https://habitatintlgroup.com,8-15,2,"Basic template; no chat; international focus but limited digital tools"
Florida Capital Realty,Miami,FL,15,Unknown,info@floridacapitalrealty.com,https://floridacapitalrealty.com,12-20,3,"Decent site; no chat; basic lead capture"
Parinvest Realty,Miami,FL,8,Unknown,info@parinvest.com,https://parinvest.com,5-10,2,"Basic website; no chat; limited social; investment focused"
Green Realty Properties,Fort Lauderdale,FL,20,"Patty Da Silva & Chris Green",info@greenrealtyproperties.com,https://greenrealtyproperties.com,15-25,4,"Strong brand; good reviews; no AI chat; manual follow-up"
By The Sea Realty,Fort Lauderdale,FL,10,Unknown,info@bythesearealty.com,https://www.bythesearealty.com,8-15,2,"Basic design; no chat; limited automation; dated feel"
D'Angelo Realty Group,Fort Lauderdale,FL,8,Unknown,info@dangelorealty.com,https://dangelorealty.com,5-10,3,"Clean luxury-focused site; no chat; basic lead capture"
Intempus Realty,Fort Lauderdale,FL,12,Unknown,info@intempusrealty.com,https://intempusrealty.com,10-15,3,"Full-service; no chat; decent reviews but no automation"
Boutique Realty Florida,Tampa,FL,15,Unknown,info@boutiquerealtyflorida.com,https://www.boutiquerealtyflorida.com,12-20,3,"Clean site; no live chat; basic IDX; limited lead automation"
Palermo Real Estate Professionals,Tampa,FL,20,Unknown,info@palermolistings.com,https://palermolistings.com,20-30,3,"Strong local brand; no chat; basic website; growing market share"
Quicksilver Real Estate Group,Tampa,FL,15,Unknown,info@quicksilverrealestate.com,https://www.quicksilverrealestate.com,12-20,2,"100% commission model; basic site; no chat; limited tools"
Mihara & Associates,Tampa,FL,45,"Ray Mihara",info@miharaandassociates.com,https://miharaandassociates.com,30-50,3,"Marketing-driven but no AI chat; manual processes; growing fast"
Carter Company Realtors,Tampa,FL,10,Unknown,info@cartercompanyrealtors.com,https://cartercompanyrealtors.com,8-15,2,"Basic site; no chat; 50+ years experience but dated digital presence"
Realnet Florida,Tampa,FL,12,Unknown,info@realnetflorida.com,https://realnetflorida.com,10-15,2,"Dated website; no chat; 100% broker model; limited automation"
Kendall Bonner Team,Tampa,FL,8,"Kendall Bonner Esq.",info@besttamparealestateagents.com,https://www.besttamparealestateagents.com,8-15,3,"Good personal brand; no AI chat; manual follow-up"
Kitchell Group,Tampa,FL,10,Unknown,info@kitchellgroup.com,https://kitchellgroup.com,8-12,2,"Basic site; no chat; limited online reviews"
Olde Town Brokers,Orlando,FL,15,Unknown,info@oldetownbrokers.com,https://oldetownbrokers.com,12-20,3,"Established since 1994; decent site; no chat; community-focused"
Mainframe Real Estate,Orlando,FL,25,Unknown,info@mainframere.com,https://mainframere.com,20-35,4,"Tech-forward brand; good site; #1 independent in Downtown Orlando; no AI chat"
Oak Avenue Real Estate,Orlando,FL,10,Unknown,info@oakavenue.net,https://www.oakavenue.net,8-15,3,"Clean design; no chat; international buyer focus; basic lead capture"
ALIGN Real Estate,Orlando,FL,12,Unknown,info@alignagents.com,https://alignagents.com,10-20,3,"Modern branding; no chat; venture-backed network; basic lead tools"
Q Boutique Specialty Realty,Lake Mary,FL,8,Unknown,info@qboutiquerealty.com,https://www.qboutiquerealty.com,5-10,2,"Basic site; no chat; also a real estate school; limited focus"
Metro City Realty and Condos,Orlando,FL,10,"Jon Shehan",info@metrocityrealty.com,https://metrocityrealty.com,8-15,2,"Basic template; no chat; limited reviews; boutique feel"
Real Estate Pros FL,Orlando,FL,12,Unknown,info@realestateprosfl.com,https://www.realestateprosfl.com,10-15,3,"Decent site; no chat; independent focus; basic lead capture"
Florida Realty Investments,Orlando,FL,30,"Carissa Lawhun",info@flarealtyinvestments.com,https://flarealtyinvestments.com,25-40,3,"Large but independently owned; no chat; property management focus"
Olympus Executive Realty,Orlando,FL,20,Unknown,info@olympusexecutiverealty.com,https://olympusexecutiverealty.com,15-25,3,"Multi-market; 100% commission; no chat; growing fast"
CrossView Realty,Jacksonville,FL,33,Unknown,info@crossviewrealty.com,https://www.crossviewrealty.com,25-40,3,"$500M+ closed; no AI chat; basic website; faith-based brand"
Momentum Realty,Jacksonville,FL,40,Unknown,info@movewithmomentum.com,https://movewithmomentum.com,30-50,3,"Fast growing; top 10 in NE FL; no chat; basic site for volume"
Anchored Real Estate Group,Jacksonville,FL,7,Unknown,info@anchoredreg.com,https://anchoredreg.com,5-10,2,"Small team; no chat; military relocation; basic website"
House & Haven,Jacksonville,FL,10,"Ted Miller",info@houseandhaven.com,https://houseandhaven.com,8-15,3,"Family-owned; relaunched 2021; no chat; basic lead tools"
Ponte Vedra Club Realty,Ponte Vedra Beach,FL,15,Unknown,info@pontevedraclubrealty.com,https://pontevedraclubrealty.com,10-20,3,"Luxury niche; decent site; no chat; limited automation"
904 Living Realty,Jacksonville,FL,8,Unknown,info@904living.com,https://904living.com,5-10,2,"Basic site; no chat; limited reviews; small team"
Northeast Florida Realty,Jacksonville,FL,12,Unknown,info@neflrealty.com,https://neflrealty.com,8-15,2,"Basic template; no chat; limited digital marketing"
Herron Real Estate,Jacksonville,FL,10,Unknown,info@herronrealestate.com,https://herronrealestate.com,8-12,2,"Simple site; no chat; few reviews; basic IDX"
Sundance Realty,Jacksonville,FL,8,Unknown,info@sundancerealtyjax.com,https://sundancerealtyjax.com,5-10,2,"Basic website; no chat; limited online presence"
Berkshire Hathaway HomeServices - Chaplin Williams,Jacksonville,FL,30,Unknown,info@bfrjax.com,https://bfrjax.com,25-35,3,"Strong brand; decent site; no AI chat; could automate lead routing"
Premier Sotheby's - Tampa Bay,Tampa,FL,25,Unknown,info@premiersir.com,https://www.premiersothebysrealty.com,20-30,4,"Luxury brand; good site; no AI chat; manual follow-up for leads"
Dalton Wade Real Estate Group,Tampa,FL,30,Unknown,info@daltonwade.com,https://daltonwade.com,25-40,3,"Growing firm; no chat; basic site for volume; 100% commission model"
Coral Shores Realty,Miami,FL,10,Unknown,info@coralshoresrealty.com,https://coralshoresrealty.com,8-15,2,"Basic site; no chat; limited reviews; small team"
Prestige Realty Group,Miami,FL,12,Unknown,info@prestigerealtygroupmiami.com,https://prestigerealtygroupmiami.com,10-18,2,"Template site; no chat; limited automation; basic IDX"
Tropical Realty of Suntree,Orlando,FL,15,Unknown,info@tropicalrealty.com,https://tropicalrealty.com,10-20,3,"Established; decent site; no chat; Space Coast focus"
Horizon Realty International,Miami,FL,10,Unknown,info@horizonrealtyintl.com,https://horizonrealtyintl.com,8-15,2,"International focus; no chat; basic site; limited digital tools"
Watson Realty Corp - Local Office,Jacksonville,FL,20,Unknown,info@watsonrealtycorp.com,https://watsonrealtycorp.com,15-25,3,"Regional brand; decent site; no AI chat; could benefit from lead automation"
